Sports Coordinator,Fulltime
Parenting Support Group Coordinator,Fulltime
Maintenance (Skilled),Fulltime
"Administrative Assistant, Finance",Morning
"Administrative Assistant, Marketing",Morning
"Administrative Assistant, HR",Morning
"Administrative Assistant, Health Care Center",Morning
"Administrative Assistant, Living Grace",Morning
"Fundraising Assistant, Living Grace",Morning
"Administrative Assistant, Living Way",Morning
Event Planner,Morning
Photographer,Morning
Chaplain Assistant,Morning
Food Service Assistant,Morning
Cleaner for Health Care Center,Morning
Assistant to carers in HCC,Morning
Landscape/Gardening,Morning
Landscape/Gardening,Morning
Maintenance (General),Morning
Volunteer Coordinator Assistant,Morning
Resource Library Coordinator,Morning
Assistant to Prevention Manager,Morning
